{
  "thresholds_m": [
    0.005,
    0.01,
    0.02
  ],
  "n_chi3d": 373,
  "tests": {
    "10": {
      "min_v2v_m": {
        "statistic": 0.13097457272117963,
        "p_value": 0.001074596510099994,
        "n_a": 512,
        "n_b": 373,
        "mean_a": 0.018051469698548317,
        "mean_b": 0.014188638888299465,
        "median_a": 0.008710937574505806,
        "median_b": 0.007008154410868883
      },
      "contact_dens_5mm": {
        "statistic": 0.07251696548257372,
        "p_value": 0.19409002639596626,
        "n_a": 512,
        "n_b": 373,
        "mean_a": 4.445775516614958e-07,
        "mean_b": 6.761582653780351e-07,
        "median_a": 0.0,
        "median_b": 0.0
      },
      "contact_dens_10mm": {
        "statistic": 0.1321632037533512,
        "p_value": 0.0009373490056152394,
        "n_a": 512,
        "n_b": 373,
        "mean_a": 3.4090203371306416e-06,
        "mean_b": 5.299421445670305e-06,
        "median_a": 9.104947480409464e-07,
        "median_b": 1.8209894960818929e-06
      },
      "contact_dens_20mm": {
        "statistic": 0.15582062667560323,
        "p_value": 4.766192434574791e-05,
        "n_a": 512,
        "n_b": 373,
        "mean_a": 2.5196874048560858e-05,
        "mean_b": 3.9085367461666465e-05,
        "median_a": 8.194452675525099e-06,
        "median_b": 1.183643144031521e-05
      }
    },
    "20": {
      "min_v2v_m": {
        "statistic": 0.14487684316353888,
        "p_value": 0.00020112157865527516,
        "n_a": 512,
        "n_b": 373,
        "mean_a": 0.020161597058176994,
        "mean_b": 0.014188638888299465,
        "median_a": 0.009024117141962051,
        "median_b": 0.007008154410868883
      },
      "contact_dens_5mm": {
        "statistic": 0.10376696548257372,
        "p_value": 0.017475526341162794,
        "n_a": 512,
        "n_b": 373,
        "mean_a": 3.0053439559196704e-07,
        "mean_b": 6.761582653780351e-07,
        "median_a": 0.0,
        "median_b": 0.0
      },
      "contact_dens_10mm": {
        "statistic": 0.17753539711796246,
        "p_value": 2.0034250697788565e-06,
        "n_a": 512,
        "n_b": 373,
        "mean_a": 2.2513404474011622e-06,
        "mean_b": 5.299421445670305e-06,
        "median_a": 9.104947480409464e-07,
        "median_b": 1.8209894960818929e-06
      },
      "contact_dens_20mm": {
        "statistic": 0.1771688589142091,
        "p_value": 2.122541740948244e-06,
        "n_a": 512,
        "n_b": 373,
        "mean_a": 1.8750501112663187e-05,
        "mean_b": 3.9085367461666465e-05,
        "median_a": 7.2839579843275715e-06,
        "median_b": 1.183643144031521e-05
      }
    },
    "40": {
      "min_v2v_m": {
        "statistic": 0.21273877345844505,
        "p_value": 4.816891883672585e-09,
        "n_a": 512,
        "n_b": 373,
        "mean_a": 0.022163530811667442,
        "mean_b": 0.014188638888299465,
        "median_a": 0.009805217385292053,
        "median_b": 0.007008154410868883
      },
      "contact_dens_5mm": {
        "statistic": 0.13111071548257372,
        "p_value": 0.001056599513140626,
        "n_a": 512,
        "n_b": 373,
        "mean_a": 2.7741637609324243e-07,
        "mean_b": 6.761582653780351e-07,
        "median_a": 0.0,
        "median_b": 0.0
      },
      "contact_dens_10mm": {
        "statistic": 0.2063819537533512,
        "p_value": 1.5544979480536218e-08,
        "n_a": 512,
        "n_b": 373,
        "mean_a": 2.3366994810203323e-06,
        "mean_b": 5.299421445670305e-06,
        "median_a": 9.104947480409464e-07,
        "median_b": 1.8209894960818929e-06
      },
      "contact_dens_20mm": {
        "statistic": 0.1947469839142091,
        "p_value": 1.207279727868716e-07,
        "n_a": 512,
        "n_b": 373,
        "mean_a": 1.8748723960015923e-05,
        "mean_b": 3.9085367461666465e-05,
        "median_a": 6.373463293130044e-06,
        "median_b": 1.183643144031521e-05
      }
    },
    "100": {
      "min_v2v_m": {
        "statistic": 0.19347457272117963,
        "p_value": 1.4996214424871574e-07,
        "n_a": 512,
        "n_b": 373,
        "mean_a": 0.024408400058746338,
        "mean_b": 0.014188638888299465,
        "median_a": 0.009158527478575706,
        "median_b": 0.007008154410868883
      },
      "contact_dens_5mm": {
        "statistic": 0.13892321548257372,
        "p_value": 0.00042025264241108876,
        "n_a": 512,
        "n_b": 373,
        "mean_a": 3.414355660424917e-07,
        "mean_b": 6.761582653780351e-07,
        "median_a": 0.0,
        "median_b": 0.0
      },
      "contact_dens_10mm": {
        "statistic": 0.18730102211796246,
        "p_value": 4.201290121474481e-07,
        "n_a": 512,
        "n_b": 373,
        "mean_a": 2.905758719862206e-06,
        "mean_b": 5.299421445670305e-06,
        "median_a": 9.104947480409464e-07,
        "median_b": 1.8209894960818929e-06
      },
      "contact_dens_20mm": {
        "statistic": 0.20185782506702413,
        "p_value": 3.49699356673849e-08,
        "n_a": 512,
        "n_b": 373,
        "mean_a": 2.4272152586490847e-05,
        "mean_b": 3.9085367461666465e-05,
        "median_a": 7.2839579843275715e-06,
        "median_b": 1.183643144031521e-05
      }
    }
  }
}