n_steps,max_t,skip,n_samples,diversity_mm,interpenetration_mean,severe_interpen_frac,self_fid
10,1000,100,512,420.2558398246765,3.45703125,0.015625,0.4322169820080367
20,1000,50,512,454.04431223869324,3.16796875,0.009765625,0.13641814299988592
40,1000,25,512,457.6736390590668,2.900390625,0.0078125,0.027727349136434522
100,1000,10,512,465.1094079017639,2.83984375,0.009765625,0.0
