{
  "thresholds_m": [
    0.005,
    0.01,
    0.02
  ],
  "n_chi3d": 373,
  "tests": {
    "10": {
      "min_v2v_m": {
        "statistic": 0.12106233243967829,
        "p_value": 0.0031994858184010346,
        "n_a": 512,
        "n_b": 373,
        "mean_a": 0.023882709443569183,
        "mean_b": 0.020899435505270958,
        "median_a": 0.014029037207365036,
        "median_b": 0.011677988804876804
      },
      "contact_dens_5mm": {
        "statistic": 0.04401076575067024,
        "p_value": 0.7752123681798676,
        "n_a": 512,
        "n_b": 373,
        "mean_a": 3.9834145582062774e-07,
        "mean_b": 6.053691663510108e-07,
        "median_a": 0.0,
        "median_b": 0.0
      },
      "contact_dens_10mm": {
        "statistic": 0.1092388572386059,
        "p_value": 0.010501024784576523,
        "n_a": 512,
        "n_b": 373,
        "mean_a": 3.343222942930879e-06,
        "mean_b": 5.0577618821989745e-06,
        "median_a": 0.0,
        "median_b": 0.0
      },
      "contact_dens_20mm": {
        "statistic": 0.15976353049597855,
        "p_value": 2.764607798370429e-05,
        "n_a": 512,
        "n_b": 373,
        "mean_a": 2.428460356895812e-05,
        "mean_b": 3.914394983439706e-05,
        "median_a": 7.2839579843275715e-06,
        "median_b": 1.0925937203865033e-05
      }
    },
    "20": {
      "min_v2v_m": {
        "statistic": 0.15108704758713137,
        "p_value": 9.002547815888638e-05,
        "n_a": 512,
        "n_b": 373,
        "mean_a": 0.025729889050126076,
        "mean_b": 0.020899435505270958,
        "median_a": 0.014444327913224697,
        "median_b": 0.011677988804876804
      },
      "contact_dens_5mm": {
        "statistic": 0.04205764075067024,
        "p_value": 0.8192735923895399,
        "n_a": 512,
        "n_b": 373,
        "mean_a": 2.987561060763255e-07,
        "mean_b": 6.053691663510108e-07,
        "median_a": 0.0,
        "median_b": 0.0
      },
      "contact_dens_10mm": {
        "statistic": 0.1268169822386059,
        "p_value": 0.0017138631175768863,
        "n_a": 512,
        "n_b": 373,
        "mean_a": 2.304689814991434e-06,
        "mean_b": 5.0577618821989745e-06,
        "median_a": 0.0,
        "median_b": 0.0
      },
      "contact_dens_20mm": {
        "statistic": 0.19239590315013405,
        "p_value": 1.79833827612029e-07,
        "n_a": 512,
        "n_b": 373,
        "mean_a": 1.8615348380990326e-05,
        "mean_b": 3.914394983439706e-05,
        "median_a": 7.2839579843275715e-06,
        "median_b": 1.0925937203865033e-05
      }
    },
    "40": {
      "min_v2v_m": {
        "statistic": 0.17248764242627346,
        "p_value": 4.348982535982039e-06,
        "n_a": 512,
        "n_b": 373,
        "mean_a": 0.028251800686120987,
        "mean_b": 0.020899435505270958,
        "median_a": 0.015522485598921776,
        "median_b": 0.011677988804876804
      },
      "contact_dens_5mm": {
        "statistic": 0.06549514075067024,
        "p_value": 0.2960088363196614,
        "n_a": 512,
        "n_b": 373,
        "mean_a": 2.489634312041744e-07,
        "mean_b": 6.053691663510108e-07,
        "median_a": 0.0,
        "median_b": 0.0
      },
      "contact_dens_10mm": {
        "statistic": 0.14751068197050937,
        "p_value": 0.00014353862770593394,
        "n_a": 512,
        "n_b": 373,
        "mean_a": 2.297576656928868e-06,
        "mean_b": 5.0577618821989745e-06,
        "median_a": 0.0,
        "median_b": 0.0
      },
      "contact_dens_20mm": {
        "statistic": 0.2120475871313673,
        "p_value": 5.479157135136581e-09,
        "n_a": 512,
        "n_b": 373,
        "mean_a": 1.7811555153457448e-05,
        "mean_b": 3.914394983439706e-05,
        "median_a": 3.6419789921637857e-06,
        "median_b": 1.0925937203865033e-05
      }
    },
    "100": {
      "min_v2v_m": {
        "statistic": 0.1672094922922252,
        "p_value": 9.535003645677535e-06,
        "n_a": 512,
        "n_b": 373,
        "mean_a": 0.030731189996004105,
        "mean_b": 0.020899435505270958,
        "median_a": 0.01511797122657299,
        "median_b": 0.011677988804876804
      },
      "contact_dens_5mm": {
        "statistic": 0.06744826575067024,
        "p_value": 0.2644195908938229,
        "n_a": 512,
        "n_b": 373,
        "mean_a": 3.343222942930879e-07,
        "mean_b": 6.053691663510108e-07,
        "median_a": 0.0,
        "median_b": 0.0
      },
      "contact_dens_10mm": {
        "statistic": 0.14165130697050937,
        "p_value": 0.0003010590182416843,
        "n_a": 512,
        "n_b": 373,
        "mean_a": 2.895088982768357e-06,
        "mean_b": 5.0577618821989745e-06,
        "median_a": 0.0,
        "median_b": 0.0
      },
      "contact_dens_20mm": {
        "statistic": 0.20653904155495978,
        "p_value": 1.5113355560943498e-08,
        "n_a": 512,
        "n_b": 373,
        "mean_a": 2.4135224521160126e-05,
        "mean_b": 3.914394983439706e-05,
        "median_a": 3.6419789921637857e-06,
        "median_b": 1.0925937203865033e-05
      }
    }
  }
}