{
  "thresholds_m": [
    0.005,
    0.01,
    0.02
  ],
  "n_chi3d": 373,
  "tests": {
    "10": {
      "min_v2v_m": {
        "statistic": 0.11977944872654156,
        "p_value": 0.0036600033259688624,
        "n_a": 512,
        "n_b": 373,
        "mean_a": 0.036636486649513245,
        "mean_b": 0.034031182527542114,
        "median_a": 0.025469088926911354,
        "median_b": 0.02466907911002636
      },
      "contact_dens_5mm": {
        "statistic": 0.015818741621983913,
        "p_value": 0.9999999855734031,
        "n_a": 512,
        "n_b": 373,
        "mean_a": 6.643282404183992e-07,
        "mean_b": 9.118929256146657e-07,
        "median_a": 0.0,
        "median_b": 0.0
      },
      "contact_dens_10mm": {
        "statistic": 0.07300393766756032,
        "p_value": 0.18815474283274786,
        "n_a": 512,
        "n_b": 373,
        "mean_a": 3.808814881267608e-06,
        "mean_b": 6.504836164822336e-06,
        "median_a": 0.0,
        "median_b": 0.0
      },
      "contact_dens_20mm": {
        "statistic": 0.1335979390080429,
        "p_value": 0.0007923333999394693,
        "n_a": 512,
        "n_b": 373,
        "mean_a": 2.564306851127185e-05,
        "mean_b": 4.261579306330532e-05,
        "median_a": 0.0,
        "median_b": 0.0
      }
    },
    "20": {
      "min_v2v_m": {
        "statistic": 0.12840356903485256,
        "p_value": 0.0014377801813733175,
        "n_a": 512,
        "n_b": 373,
        "mean_a": 0.04030874744057655,
        "mean_b": 0.034031182527542114,
        "median_a": 0.02876349352300167,
        "median_b": 0.02466907911002636
      },
      "contact_dens_5mm": {
        "statistic": 0.00804289544235925,
        "p_value": 1.0,
        "n_a": 512,
        "n_b": 373,
        "mean_a": 5.757510734838434e-07,
        "mean_b": 9.118929256146657e-07,
        "median_a": 0.0,
        "median_b": 0.0
      },
      "contact_dens_10mm": {
        "statistic": 0.07495706266756032,
        "p_value": 0.16583986938873824,
        "n_a": 512,
        "n_b": 373,
        "mean_a": 2.391581574556767e-06,
        "mean_b": 6.504836164822336e-06,
        "median_a": 0.0,
        "median_b": 0.0
      },
      "contact_dens_20mm": {
        "statistic": 0.1199260640080429,
        "p_value": 0.0036025961156490108,
        "n_a": 512,
        "n_b": 373,
        "mean_a": 1.7936861695488915e-05,
        "mean_b": 4.261579306330532e-05,
        "median_a": 0.0,
        "median_b": 0.0
      }
    },
    "40": {
      "min_v2v_m": {
        "statistic": 0.13830010053619302,
        "p_value": 0.0004536226125081989,
        "n_a": 512,
        "n_b": 373,
        "mean_a": 0.04270858317613602,
        "mean_b": 0.034031182527542114,
        "median_a": 0.029724184423685074,
        "median_b": 0.02466907911002636
      },
      "contact_dens_5mm": {
        "statistic": 0.017771866621983913,
        "p_value": 0.9999992625793384,
        "n_a": 512,
        "n_b": 373,
        "mean_a": 3.1001982847556064e-07,
        "mean_b": 9.118929256146657e-07,
        "median_a": 0.0,
        "median_b": 0.0
      },
      "contact_dens_10mm": {
        "statistic": 0.06909768766756032,
        "p_value": 0.23971776096670505,
        "n_a": 512,
        "n_b": 373,
        "mean_a": 2.834467068169033e-06,
        "mean_b": 6.504836164822336e-06,
        "median_a": 0.0,
        "median_b": 0.0
      },
      "contact_dens_20mm": {
        "statistic": 0.1277385640080429,
        "p_value": 0.0015470241732552991,
        "n_a": 512,
        "n_b": 373,
        "mean_a": 1.8512611859478056e-05,
        "mean_b": 4.261579306330532e-05,
        "median_a": 0.0,
        "median_b": 0.0
      }
    },
    "100": {
      "min_v2v_m": {
        "statistic": 0.1269007623994638,
        "p_value": 0.0016987139351061704,
        "n_a": 512,
        "n_b": 373,
        "mean_a": 0.04457482695579529,
        "mean_b": 0.034031182527542114,
        "median_a": 0.02869962900876999,
        "median_b": 0.02466907911002636
      },
      "contact_dens_5mm": {
        "statistic": 0.023631241621983913,
        "p_value": 0.9994590417146854,
        "n_a": 512,
        "n_b": 373,
        "mean_a": 1.3286563671499607e-07,
        "mean_b": 9.118929256146657e-07,
        "median_a": 0.0,
        "median_b": 0.0
      },
      "contact_dens_10mm": {
        "statistic": 0.06519143766756032,
        "p_value": 0.30115354112595366,
        "n_a": 512,
        "n_b": 373,
        "mean_a": 3.055909473914653e-06,
        "mean_b": 6.504836164822336e-06,
        "median_a": 0.0,
        "median_b": 0.0
      },
      "contact_dens_20mm": {
        "statistic": 0.1218791890080429,
        "p_value": 0.002930976574902598,
        "n_a": 512,
        "n_b": 373,
        "mean_a": 2.4314413167303428e-05,
        "mean_b": 4.261579306330532e-05,
        "median_a": 0.0,
        "median_b": 0.0
      }
    }
  }
}